16 , Numar Inm.16 , Prod16 , Model16 , Tip16
26 , Numar Inm.26 , Prod26 , Model26 , Tip26
11 , Numar Inm.11 , Prod11 , Model11 , Tip11
5 , Numar Inm.5 , Prod5 , Model5 , Tip5
34 , Numar Inm.34 , Prod34 , Model34 , Tip34
27 , Numar Inm.27 , Prod27 , Model27 , Tip27
37 , Numar Inm.37 , Prod37 , Model37 , Tip37
35 , Numar Inm.35 , Prod35 , Model35 , Tip35
18 , Numar Inm.18 , Prod18 , Model18 , Tip18
43 , Numar Inm.43 , Prod43 , Model43 , Tip43
47 , Numar Inm.47 , Prod47 , Model47 , Tip47
36 , Numar Inm.36 , Prod36 , Model36 , Tip36
36 , Numar Inm.36 , Prod36 , Model36 , Tip36
16 , Numar Inm.16 , Prod16 , Model16 , Tip16
29 , Numar Inm.29 , Prod29 , Model29 , Tip29
17 , Numar Inm.17 , Prod17 , Model17 , Tip17
23 , Numar Inm.23 , Prod23 , Model23 , Tip23
19 , Numar Inm.19 , Prod19 , Model19 , Tip19
56 , Numar Inm.56 , Prod56 , Model56 , Tip56
