20 , Numar Inm.20 , Prod20 , Model20 , Tip20
33 , Numar Inm.33 , Prod33 , Model33 , Tip33
38 , Numar Inm.38 , Prod38 , Model38 , Tip38
48 , Numar Inm.48 , Prod48 , Model48 , Tip48
27 , Numar Inm.27 , Prod27 , Model27 , Tip27
16 , Numar Inm.16 , Prod16 , Model16 , Tip16
47 , Numar Inm.47 , Prod47 , Model47 , Tip47
35 , Numar Inm.35 , Prod35 , Model35 , Tip35
49 , Numar Inm.49 , Prod49 , Model49 , Tip49
44 , Numar Inm.44 , Prod44 , Model44 , Tip44
28 , Numar Inm.28 , Prod28 , Model28 , Tip28
38 , Numar Inm.38 , Prod38 , Model38 , Tip38
12 , Numar Inm.12 , Prod12 , Model12 , Tip12
54 , Numar Inm.54 , Prod54 , Model54 , Tip54
25 , Numar Inm.25 , Prod25 , Model25 , Tip25
49 , Numar Inm.49 , Prod49 , Model49 , Tip49
22 , Numar Inm.22 , Prod22 , Model22 , Tip22
60 , Numar Inm.60 , Prod60 , Model60 , Tip60
47 , Numar Inm.47 , Prod47 , Model47 , Tip47
32 , Numar Inm.32 , Prod32 , Model32 , Tip32
59 , Numar Inm.59 , Prod59 , Model59 , Tip59
53 , Numar Inm.53 , Prod53 , Model53 , Tip53
54 , Numar Inm.54 , Prod54 , Model54 , Tip54
