92 , Numar Inm.92 , Prod92 , Model92 , Tip92
78 , Numar Inm.78 , Prod78 , Model78 , Tip78
35 , Numar Inm.35 , Prod35 , Model35 , Tip35
58 , Numar Inm.58 , Prod58 , Model58 , Tip58
64 , Numar Inm.64 , Prod64 , Model64 , Tip64
199 , Numar Inm.199 , Prod199 , Model199 , Tip199
57 , Numar Inm.57 , Prod57 , Model57 , Tip57
50 , Numar Inm.50 , Prod50 , Model50 , Tip50
137 , Numar Inm.137 , Prod137 , Model137 , Tip137
195 , Numar Inm.195 , Prod195 , Model195 , Tip195
155 , Numar Inm.155 , Prod155 , Model155 , Tip155
38 , Numar Inm.38 , Prod38 , Model38 , Tip38
219 , Numar Inm.219 , Prod219 , Model219 , Tip219
17 , Numar Inm.17 , Prod17 , Model17 , Tip17
230 , Numar Inm.230 , Prod230 , Model230 , Tip230
77 , Numar Inm.77 , Prod77 , Model77 , Tip77
39 , Numar Inm.39 , Prod39 , Model39 , Tip39
255 , Numar Inm.255 , Prod255 , Model255 , Tip255
143 , Numar Inm.143 , Prod143 , Model143 , Tip143
226 , Numar Inm.226 , Prod226 , Model226 , Tip226
158 , Numar Inm.158 , Prod158 , Model158 , Tip158
118 , Numar Inm.118 , Prod118 , Model118 , Tip118
45 , Numar Inm.45 , Prod45 , Model45 , Tip45
56 , Numar Inm.56 , Prod56 , Model56 , Tip56
263 , Numar Inm.263 , Prod263 , Model263 , Tip263
220 , Numar Inm.220 , Prod220 , Model220 , Tip220
178 , Numar Inm.178 , Prod178 , Model178 , Tip178
169 , Numar Inm.169 , Prod169 , Model169 , Tip169
186 , Numar Inm.186 , Prod186 , Model186 , Tip186
131 , Numar Inm.131 , Prod131 , Model131 , Tip131
160 , Numar Inm.160 , Prod160 , Model160 , Tip160
35 , Numar Inm.35 , Prod35 , Model35 , Tip35
47 , Numar Inm.47 , Prod47 , Model47 , Tip47
247 , Numar Inm.247 , Prod247 , Model247 , Tip247
254 , Numar Inm.254 , Prod254 , Model254 , Tip254
105 , Numar Inm.105 , Prod105 , Model105 , Tip105
178 , Numar Inm.178 , Prod178 , Model178 , Tip178
206 , Numar Inm.206 , Prod206 , Model206 , Tip206
65 , Numar Inm.65 , Prod65 , Model65 , Tip65
74 , Numar Inm.74 , Prod74 , Model74 , Tip74
111 , Numar Inm.111 , Prod111 , Model111 , Tip111
138 , Numar Inm.138 , Prod138 , Model138 , Tip138
180 , Numar Inm.180 , Prod180 , Model180 , Tip180
183 , Numar Inm.183 , Prod183 , Model183 , Tip183
149 , Numar Inm.149 , Prod149 , Model149 , Tip149
124 , Numar Inm.124 , Prod124 , Model124 , Tip124
259 , Numar Inm.259 , Prod259 , Model259 , Tip259
199 , Numar Inm.199 , Prod199 , Model199 , Tip199
247 , Numar Inm.247 , Prod247 , Model247 , Tip247
281 , Numar Inm.281 , Prod281 , Model281 , Tip281
286 , Numar Inm.286 , Prod286 , Model286 , Tip286
174 , Numar Inm.174 , Prod174 , Model174 , Tip174
217 , Numar Inm.217 , Prod217 , Model217 , Tip217
150 , Numar Inm.150 , Prod150 , Model150 , Tip150
234 , Numar Inm.234 , Prod234 , Model234 , Tip234
156 , Numar Inm.156 , Prod156 , Model156 , Tip156
183 , Numar Inm.183 , Prod183 , Model183 , Tip183
199 , Numar Inm.199 , Prod199 , Model199 , Tip199
260 , Numar Inm.260 , Prod260 , Model260 , Tip260
289 , Numar Inm.289 , Prod289 , Model289 , Tip289
76 , Numar Inm.76 , Prod76 , Model76 , Tip76
212 , Numar Inm.212 , Prod212 , Model212 , Tip212
287 , Numar Inm.287 , Prod287 , Model287 , Tip287
107 , Numar Inm.107 , Prod107 , Model107 , Tip107
130 , Numar Inm.130 , Prod130 , Model130 , Tip130
276 , Numar Inm.276 , Prod276 , Model276 , Tip276
81 , Numar Inm.81 , Prod81 , Model81 , Tip81
172 , Numar Inm.172 , Prod172 , Model172 , Tip172
272 , Numar Inm.272 , Prod272 , Model272 , Tip272
174 , Numar Inm.174 , Prod174 , Model174 , Tip174
308 , Numar Inm.308 , Prod308 , Model308 , Tip308
166 , Numar Inm.166 , Prod166 , Model166 , Tip166
135 , Numar Inm.135 , Prod135 , Model135 , Tip135
308 , Numar Inm.308 , Prod308 , Model308 , Tip308
280 , Numar Inm.280 , Prod280 , Model280 , Tip280
310 , Numar Inm.310 , Prod310 , Model310 , Tip310
190 , Numar Inm.190 , Prod190 , Model190 , Tip190
244 , Numar Inm.244 , Prod244 , Model244 , Tip244
270 , Numar Inm.270 , Prod270 , Model270 , Tip270
151 , Numar Inm.151 , Prod151 , Model151 , Tip151
298 , Numar Inm.298 , Prod298 , Model298 , Tip298
170 , Numar Inm.170 , Prod170 , Model170 , Tip170
304 , Numar Inm.304 , Prod304 , Model304 , Tip304
228 , Numar Inm.228 , Prod228 , Model228 , Tip228
308 , Numar Inm.308 , Prod308 , Model308 , Tip308
113 , Numar Inm.113 , Prod113 , Model113 , Tip113
218 , Numar Inm.218 , Prod218 , Model218 , Tip218
218 , Numar Inm.218 , Prod218 , Model218 , Tip218
312 , Numar Inm.312 , Prod312 , Model312 , Tip312
295 , Numar Inm.295 , Prod295 , Model295 , Tip295
205 , Numar Inm.205 , Prod205 , Model205 , Tip205
269 , Numar Inm.269 , Prod269 , Model269 , Tip269
168 , Numar Inm.168 , Prod168 , Model168 , Tip168
324 , Numar Inm.324 , Prod324 , Model324 , Tip324
318 , Numar Inm.318 , Prod318 , Model318 , Tip318
174 , Numar Inm.174 , Prod174 , Model174 , Tip174
330 , Numar Inm.330 , Prod330 , Model330 , Tip330
138 , Numar Inm.138 , Prod138 , Model138 , Tip138
113 , Numar Inm.113 , Prod113 , Model113 , Tip113
303 , Numar Inm.303 , Prod303 , Model303 , Tip303
324 , Numar Inm.324 , Prod324 , Model324 , Tip324
156 , Numar Inm.156 , Prod156 , Model156 , Tip156
249 , Numar Inm.249 , Prod249 , Model249 , Tip249
112 , Numar Inm.112 , Prod112 , Model112 , Tip112
108 , Numar Inm.108 , Prod108 , Model108 , Tip108
130 , Numar Inm.130 , Prod130 , Model130 , Tip130
282 , Numar Inm.282 , Prod282 , Model282 , Tip282
247 , Numar Inm.247 , Prod247 , Model247 , Tip247
346 , Numar Inm.346 , Prod346 , Model346 , Tip346
260 , Numar Inm.260 , Prod260 , Model260 , Tip260
231 , Numar Inm.231 , Prod231 , Model231 , Tip231
214 , Numar Inm.214 , Prod214 , Model214 , Tip214
229 , Numar Inm.229 , Prod229 , Model229 , Tip229
200 , Numar Inm.200 , Prod200 , Model200 , Tip200
356 , Numar Inm.356 , Prod356 , Model356 , Tip356
161 , Numar Inm.161 , Prod161 , Model161 , Tip161
322 , Numar Inm.322 , Prod322 , Model322 , Tip322
295 , Numar Inm.295 , Prod295 , Model295 , Tip295
140 , Numar Inm.140 , Prod140 , Model140 , Tip140
124 , Numar Inm.124 , Prod124 , Model124 , Tip124
258 , Numar Inm.258 , Prod258 , Model258 , Tip258
176 , Numar Inm.176 , Prod176 , Model176 , Tip176
