159 , Numar Inm.159 , Prod159 , Model159 , Tip159
172 , Numar Inm.172 , Prod172 , Model172 , Tip172
121 , Numar Inm.121 , Prod121 , Model121 , Tip121
134 , Numar Inm.134 , Prod134 , Model134 , Tip134
86 , Numar Inm.86 , Prod86 , Model86 , Tip86
236 , Numar Inm.236 , Prod236 , Model236 , Tip236
204 , Numar Inm.204 , Prod204 , Model204 , Tip204
95 , Numar Inm.95 , Prod95 , Model95 , Tip95
134 , Numar Inm.134 , Prod134 , Model134 , Tip134
28 , Numar Inm.28 , Prod28 , Model28 , Tip28
180 , Numar Inm.180 , Prod180 , Model180 , Tip180
200 , Numar Inm.200 , Prod200 , Model200 , Tip200
232 , Numar Inm.232 , Prod232 , Model232 , Tip232
40 , Numar Inm.40 , Prod40 , Model40 , Tip40
72 , Numar Inm.72 , Prod72 , Model72 , Tip72
27 , Numar Inm.27 , Prod27 , Model27 , Tip27
251 , Numar Inm.251 , Prod251 , Model251 , Tip251
93 , Numar Inm.93 , Prod93 , Model93 , Tip93
131 , Numar Inm.131 , Prod131 , Model131 , Tip131
255 , Numar Inm.255 , Prod255 , Model255 , Tip255
93 , Numar Inm.93 , Prod93 , Model93 , Tip93
182 , Numar Inm.182 , Prod182 , Model182 , Tip182
51 , Numar Inm.51 , Prod51 , Model51 , Tip51
70 , Numar Inm.70 , Prod70 , Model70 , Tip70
174 , Numar Inm.174 , Prod174 , Model174 , Tip174
201 , Numar Inm.201 , Prod201 , Model201 , Tip201
59 , Numar Inm.59 , Prod59 , Model59 , Tip59
86 , Numar Inm.86 , Prod86 , Model86 , Tip86
250 , Numar Inm.250 , Prod250 , Model250 , Tip250
94 , Numar Inm.94 , Prod94 , Model94 , Tip94
34 , Numar Inm.34 , Prod34 , Model34 , Tip34
92 , Numar Inm.92 , Prod92 , Model92 , Tip92
74 , Numar Inm.74 , Prod74 , Model74 , Tip74
59 , Numar Inm.59 , Prod59 , Model59 , Tip59
269 , Numar Inm.269 , Prod269 , Model269 , Tip269
261 , Numar Inm.261 , Prod261 , Model261 , Tip261
43 , Numar Inm.43 , Prod43 , Model43 , Tip43
91 , Numar Inm.91 , Prod91 , Model91 , Tip91
90 , Numar Inm.90 , Prod90 , Model90 , Tip90
178 , Numar Inm.178 , Prod178 , Model178 , Tip178
121 , Numar Inm.121 , Prod121 , Model121 , Tip121
82 , Numar Inm.82 , Prod82 , Model82 , Tip82
123 , Numar Inm.123 , Prod123 , Model123 , Tip123
236 , Numar Inm.236 , Prod236 , Model236 , Tip236
124 , Numar Inm.124 , Prod124 , Model124 , Tip124
64 , Numar Inm.64 , Prod64 , Model64 , Tip64
252 , Numar Inm.252 , Prod252 , Model252 , Tip252
225 , Numar Inm.225 , Prod225 , Model225 , Tip225
49 , Numar Inm.49 , Prod49 , Model49 , Tip49
274 , Numar Inm.274 , Prod274 , Model274 , Tip274
248 , Numar Inm.248 , Prod248 , Model248 , Tip248
107 , Numar Inm.107 , Prod107 , Model107 , Tip107
138 , Numar Inm.138 , Prod138 , Model138 , Tip138
116 , Numar Inm.116 , Prod116 , Model116 , Tip116
167 , Numar Inm.167 , Prod167 , Model167 , Tip167
245 , Numar Inm.245 , Prod245 , Model245 , Tip245
80 , Numar Inm.80 , Prod80 , Model80 , Tip80
273 , Numar Inm.273 , Prod273 , Model273 , Tip273
229 , Numar Inm.229 , Prod229 , Model229 , Tip229
91 , Numar Inm.91 , Prod91 , Model91 , Tip91
146 , Numar Inm.146 , Prod146 , Model146 , Tip146
144 , Numar Inm.144 , Prod144 , Model144 , Tip144
199 , Numar Inm.199 , Prod199 , Model199 , Tip199
236 , Numar Inm.236 , Prod236 , Model236 , Tip236
184 , Numar Inm.184 , Prod184 , Model184 , Tip184
238 , Numar Inm.238 , Prod238 , Model238 , Tip238
139 , Numar Inm.139 , Prod139 , Model139 , Tip139
303 , Numar Inm.303 , Prod303 , Model303 , Tip303
251 , Numar Inm.251 , Prod251 , Model251 , Tip251
147 , Numar Inm.147 , Prod147 , Model147 , Tip147
269 , Numar Inm.269 , Prod269 , Model269 , Tip269
224 , Numar Inm.224 , Prod224 , Model224 , Tip224
237 , Numar Inm.237 , Prod237 , Model237 , Tip237
103 , Numar Inm.103 , Prod103 , Model103 , Tip103
152 , Numar Inm.152 , Prod152 , Model152 , Tip152
125 , Numar Inm.125 , Prod125 , Model125 , Tip125
113 , Numar Inm.113 , Prod113 , Model113 , Tip113
161 , Numar Inm.161 , Prod161 , Model161 , Tip161
303 , Numar Inm.303 , Prod303 , Model303 , Tip303
251 , Numar Inm.251 , Prod251 , Model251 , Tip251
259 , Numar Inm.259 , Prod259 , Model259 , Tip259
142 , Numar Inm.142 , Prod142 , Model142 , Tip142
234 , Numar Inm.234 , Prod234 , Model234 , Tip234
260 , Numar Inm.260 , Prod260 , Model260 , Tip260
150 , Numar Inm.150 , Prod150 , Model150 , Tip150
191 , Numar Inm.191 , Prod191 , Model191 , Tip191
224 , Numar Inm.224 , Prod224 , Model224 , Tip224
97 , Numar Inm.97 , Prod97 , Model97 , Tip97
248 , Numar Inm.248 , Prod248 , Model248 , Tip248
114 , Numar Inm.114 , Prod114 , Model114 , Tip114
330 , Numar Inm.330 , Prod330 , Model330 , Tip330
91 , Numar Inm.91 , Prod91 , Model91 , Tip91
191 , Numar Inm.191 , Prod191 , Model191 , Tip191
118 , Numar Inm.118 , Prod118 , Model118 , Tip118
273 , Numar Inm.273 , Prod273 , Model273 , Tip273
212 , Numar Inm.212 , Prod212 , Model212 , Tip212
213 , Numar Inm.213 , Prod213 , Model213 , Tip213
280 , Numar Inm.280 , Prod280 , Model280 , Tip280
256 , Numar Inm.256 , Prod256 , Model256 , Tip256
202 , Numar Inm.202 , Prod202 , Model202 , Tip202
328 , Numar Inm.328 , Prod328 , Model328 , Tip328
279 , Numar Inm.279 , Prod279 , Model279 , Tip279
150 , Numar Inm.150 , Prod150 , Model150 , Tip150
266 , Numar Inm.266 , Prod266 , Model266 , Tip266
258 , Numar Inm.258 , Prod258 , Model258 , Tip258
280 , Numar Inm.280 , Prod280 , Model280 , Tip280
164 , Numar Inm.164 , Prod164 , Model164 , Tip164
197 , Numar Inm.197 , Prod197 , Model197 , Tip197
224 , Numar Inm.224 , Prod224 , Model224 , Tip224
266 , Numar Inm.266 , Prod266 , Model266 , Tip266
127 , Numar Inm.127 , Prod127 , Model127 , Tip127
173 , Numar Inm.173 , Prod173 , Model173 , Tip173
290 , Numar Inm.290 , Prod290 , Model290 , Tip290
145 , Numar Inm.145 , Prod145 , Model145 , Tip145
344 , Numar Inm.344 , Prod344 , Model344 , Tip344
289 , Numar Inm.289 , Prod289 , Model289 , Tip289
182 , Numar Inm.182 , Prod182 , Model182 , Tip182
253 , Numar Inm.253 , Prod253 , Model253 , Tip253
271 , Numar Inm.271 , Prod271 , Model271 , Tip271
301 , Numar Inm.301 , Prod301 , Model301 , Tip301
